user_id,job_index,rating,prediction
9,89,2.0,0.0765775
9,123,1.0,0.31226382
9,234,3.0,0.37534863
9,567,4.0,0.26908773
2,234,5.0,0.12434305
4,567,2.0,0.33986259
5,789,4.0,0.1028019
0,156,1.0,0.11324217
1,89,3.0,0.17677715
1,234,4.0,0.25195563
3,567,3.0,0.31461772
7,89,3.0,0.31358483
